1/14/21,LevelUp,219,right,32,Male,White,Not Hispanic or Latino,Freshman,,Some high school,4,3,,,,,,,,,,,,,,,,,,,,,,,,
1/15/21,LevelUp,220,right,21,Female,White,Hispanic or Latino,Junior,,,7,2,,,,,,,,,,,,,,,,,,,,,,,,
1/15/21,LevelUp,220,right,21,Female,White,Hispanic or Latino,Junior,,,7,2,,,,,,,,,,,,,,,,,,,,,,,,
1/15/21,LevelUp,220,right,21,Female,White,Hispanic or Latino,Junior,,,7,2,,,,,,,,,,,,,,,,,,,,,,,,
1/22/21,LevelUp_within_1t,200,right,19,Female,White,Not Hispanic or Latino,Sophomor,,,6,4,,,,,,,,,,,,,,,,,,,,,,,,
1/27/21,LevelUp,221,right,19,Female,Asian,Not Hispanic or Latino,Freshman,,High school,8hrs,4,,,,,,,,,,,,,,,,,,,,,,,,
1/27/21,LevelUp,221,right,19,Female,Asian,Not Hispanic or Latino,Freshman,,High school,8hrs,4,,,,,,,,,,,,,,,,,,,,,,,,
2/3/21,LevelUp,222,right  ,19,Female,More than one race,Not Hispanic or Latino,Sophomor,,Some college,7,4,,,,,,,,,,,,,,,,,,,,,,,,
2/3/21,LevelUp,222,right  ,19,Female,More than one race,Not Hispanic or Latino,Sophomor,,Some college,7,4,,,,,,,,,,,,,,,,,,,,,,,,
2/5/21,LevelUp,223,right,18,Female,More than one race,Not Hispanic or Latino,Freshman,,,5.5,3,,,,,,,,,,,,,,,,,,,,,,,,
2/5/21,LevelUp,223,right,18,Female,More than one race,Not Hispanic or Latino,Freshman,,,5.5,3,,,,,,,,,,,,,,,,,,,,,,,,
2/5/21,LevelUp,224,Right,19,Female,White,Not Hispanic or Latino,Freshman,,,8,4,,,,,,,,,,,,,,,,,,,,,,,,
2/5/21,LevelUp,224,Right,19,Female,White,Not Hispanic or Latino,Freshman,,,8,4,,,,,,,,,,,,,,,,,,,,,,,,
2/8/21,LevelUp,226,right hand,19,Female,White,Hispanic or Latino,Freshman,,,6 hours,3,,,,,,,,,,,,,,,,,,,,,,,,
2/10/21,LevelUp,225,right,25,Female,White,Hispanic or Latino,Freshman,,,6,3,,,,,,,,,,,,,,,,,,,,,,,,
2/10/21,LevelUp,225,right,25,Female,White,Hispanic or Latino,Freshman,,,6,3,,,,,,,,,,,,,,,,,,,,,,,,
2/12/21,LevelUp,227,right,18,Female,White,Not Hispanic or Latino,Freshman,,,8,4,,,,,,,,,,,,,,,,,,,,,,,,
2/12/21,LevelUp,227,right,18,Female,White,Not Hispanic or Latino,Freshman,,,8,4,,,,,,,,,,,,,,,,,,,,,,,,
2/15/21,LevelUp,228,Right,27,Male,White,Not Hispanic or Latino,Sophomor,,College,6,4,,,,,,,,,,,,,,,,,,,,,,,,
2/15/21,LevelUp,228,Right,27,Male,White,Not Hispanic or Latino,Sophomor,,College,6,4,,,,,,,,,,,,,,,,,,,,,,,,
2/17/21,LevelUp,230,right,20,Female,White,Not Hispanic or Latino,Sophomor,,Some college,6,3,,,,,,,,,,,,,,,,,,,,,,,,
2/18/21,LevelUp,229,right,29,Male,White,Not Hispanic or Latino,Other,Apprentice,Some college,8,4,,,,,,,,,,,,,,,,,,,,,,,,
2/26/21,LevelUp,232,right,18,Female,White,Hispanic or Latino,Freshman,,Some college,7,3,,,,,,,,,,,,,,,,,,,,,,,,
2/26/21,LevelUp,232,right,18,Female,White,Hispanic or Latino,Freshman,,Some college,7,3,,,,,,,,,,,,,,,,,,,,,,,,
2/26/21,LevelUp,231,right,20,Female,White,Not Hispanic or Latino,Junior,,,7,5,,,,,,,,,,,,,,,,,,,,,,,,
2/26/21,LevelUp,231,right,20,Female,White,Not Hispanic or Latino,Junior,,,7,5,,,,,,,,,,,,,,,,,,,,,,,,
2/26/21,LevelUp,231,right,20,Female,White,Not Hispanic or Latino,Junior,,,7,5,,,,,,,,,,,,,,,,,,,,,,,,
3/1/21,LevelUp,233,left,21,Female,Asian,Not Hispanic or Latino,Senior,,,8,3,,,,,,,,,,,,,,,,,,,,,,,,
3/1/21,LevelUp,233,left,21,Female,Asian,Not Hispanic or Latino,Senior,,,8,3,,,,,,,,,,,,,,,,,,,,,,,,
3/3/21,LevelUp,234,left,19,Female,Black or African American,Not Hispanic or Latino,Sophomor,,,10,3,,,,,,,,,,,,,,,,,,,,,,,,
3/3/21,LevelUp,234,left,19,Female,Black or African American,Not Hispanic or Latino,Sophomor,,,10,3,,,,,,,,,,,,,,,,,,,,,,,,
3/11/21,LevelUp,236,right,18,Prefer not to answer,White,Not Hispanic or Latino,Freshman,,,7,3,,,,,,,,,,,,,,,,,,,,,,,,
3/11/21,LevelUp,236,right,18,Prefer not to answer,White,Not Hispanic or Latino,Freshman,,,7,3,,,,,,,,,,,,,,,,,,,,,,,,
3/12/21,LevelUp,235,right,26,Female,White,Prefer not to answe,Super Senior     ,,,8,3,,,,,,,,,,,,,,,,,,,,,,,,
3/12/21,LevelUp,235,right,26,Female,White,Prefer not to answe,Super Senior     ,,,8,3,,,,,,,,,,,,,,,,,,,,,,,,
4/8/21,LevelUp,239,right,19,Female,Asian,Not Hispanic or Latino,Freshman,,,7,3,,,,,,,,,,,,,,,,,,,,,,,,
4/8/21,LevelUp,239,right,19,Female,Asian,Not Hispanic or Latino,Freshman,,,7,3,,,,,,,,,,,,,,,,,,,,,,,,
4/9/21,LevelUp,237,Left,19,Female,White,Not Hispanic or Latino,Freshman,,,8,3,,,,,,,,,,,,,,,,,,,,,,,,
4/9/21,LevelUp,237,Left,19,Female,White,Not Hispanic or Latino,Freshman,,,8,3,,,,,,,,,,,,,,,,,,,,,,,,
4/9/21,LevelUp,237,Left,19,Female,White,Not Hispanic or Latino,Freshman,,,8,3,,,,,,,,,,,,,,,,,,,,,,,,
4/12/21,LevelUp,238,right,19,Female,Asian,Not Hispanic or Latino,Freshman,,,9,3,,,,,,,,,,,,,,,,,,,,,,,,
4/12/21,LevelUp,238,right,19,Female,Asian,Not Hispanic or Latino,Freshman,,,9,3,,,,,,,,,,,,,,,,,,,,,,,,
4/12/21,LevelUp,238,right,19,Female,Asian,Not Hispanic or Latino,Freshman,,,9,3,,,,,,,,,,,,,,,,,,,,,,,,
4/13/21,dogwood,1,right,19,Female,Other,Hispanic or Latino,Sophomor,,,6,4,,,,,,,,,,,,,,,,,,,,,,,,
4/13/21,LevelUp,240,right,19,Female,White,Not Hispanic or Latino,Freshman,,,8,4,,,,,,,,,,,,,,,,,,,,,,,,
4/13/21,dogwood,2,right,19,Female,White,Not Hispanic or Latino,Sophomor,,,8.5,5,,,,,,,,,,,,,,,,,,,,,,,,
4/13/21,dogwood,3,left,19,Female,White,Not Hispanic or Latino,Sophomor,,,6,3,,,,,,,,,,,,,,,,,,,,,,,,
4/13/21,dogwood,3,left,19,Female,White,Not Hispanic or Latino,Sophomor,,,6,3,,,,,,,,,,,,,,,,,,,,,,,,
4/14/21,dogwood,4,Right,18,Female,White,Hispanic or Latino,Freshman,,,4,3,,,,,,,,,,,,,,,,,,,,,,,,
4/14/21,dogwood,4,Right,18,Female,White,Hispanic or Latino,Freshman,,,4,3,,,,,,,,,,,,,,,,,,,,,,,,
4/14/21,dogwood,5,Right,19,Male,White,Not Hispanic or Latino,Sophomor,,,7,5,,,,,,,,,,,,,,,,,,,,,,,,
4/14/21,dogwood,6,Right,20,Male,White,Hispanic or Latino,Junior,,,3,3,,,,,,,,,,,,,,,,,,,,,,,,
4/14/21,dogwood,7,right,20,Female,White,Not Hispanic or Latino,Junior,,Some college,9,3,,,,,,,,,,,,,,,,,,,,,,,,
4/15/21,dogwood,8,left,21,Male,White,Not Hispanic or Latino,Junior,,,7,4,,,,,,,,,,,,,,,,,,,,,,,,
4/15/21,dogwood,9,left,18,Female,Asian,Not Hispanic or Latino,Freshman,,Some college,8,4,,,,,,,,,,,,,,,,,,,,,,,,
4/16/21,LevelUp,241,right,18,other,Asian,Not Hispanic or Latino,Freshman,,Some college,8,4,,,,,,,,,,,,,,,,,,,,,,,,
4/20/21,dogwood2,10,right,19,Female,White,Hispanic or Latino,Freshman,,,7,3,,,,,,,,,,,,,,,,,,,,,,,,
4/20/21,dogwood2,10,right,19,Female,White,Hispanic or Latino,Freshman,,,7,3,,,,,,,,,,,,,,,,,,,,,,,,
4/20/21,dogwood2,11,Right,19,Female,Asian,Not Hispanic or Latino,Freshman,,,5,3,,,,,,,,,,,,,,,,,,,,,,,,
4/21/21,dogwood2,12,right,18,Female,White,Not Hispanic or Latino,Freshman,,,4,3,,,,,,,,,,,,,,,,,,,,,,,,
4/21/21,dogwood2,13,Right,19,Female,White,Not Hispanic or Latino,Freshman,,,7,3,,,,,,,,,,,,,,,,,,,,,,,,
4/22/21,dogwood2,14,RIGHT,19,Male,White,Hispanic or Latino,Sophomor,,Some college,8,5,,,,,,,,,,,,,,,,,,,,,,,,
4/23/21,dogwood2,15,right,20,Male,White,Hispanic or Latino,Sophomor,,,7,3,,,,,,,,,,,,,,,,,,,,,,,,
4/23/21,dogwood2,15,right,20,Male,White,Hispanic or Latino,Sophomor,,,7,3,,,,,,,,,,,,,,,,,,,,,,,,
4/23/21,LevelUp,242,right,26,other,More than one race,Not Hispanic or Latino,Senior,,,7,3,,,,,,,,,,,,,,,,,,,,,,,,
4/23/21,LevelUp,243,right,18,Female,White,Not Hispanic or Latino,Freshman,,,8,4,,,,,,,,,,,,,,,,,,,,,,,,
4/23/21,dogwood2,16,right,19,Male,White,Not Hispanic or Latino,Freshman,,,6,5,,,,,,,,,,,,,,,,,,,,,,,,
4/23/21,dogwood2,17,Right,20,Male,White,Not Hispanic or Latino,Junior,,,6,4,,,,,,,,,,,,,,,,,,,,,,,,
4/26/21,dogwood2,18,right,21,Female,White,Not Hispanic or Latino,Sophomor,,,6,4,,,,,,,,,,,,,,,,,,,,,,,,
4/26/21,dogwood2,18,right,21,Female,White,Not Hispanic or Latino,Sophomor,,,6,4,,,,,,,,,,,,,,,,,,,,,,,,
4/27/21,dogwood2,19,right,19,Female,White,Not Hispanic or Latino,Freshman,,,6,3,,,,,,,,,,,,,,,,,,,,,,,,
4/27/21,dogwood2,20,right,19,Female,White,Not Hispanic or Latino,Freshman,,,7.5,3,,,,,,,,,,,,,,,,,,,,,,,,
4/27/21,dogwood2,20,right,19,Female,White,Not Hispanic or Latino,Freshman,,,7.5,3,,,,,,,,,,,,,,,,,,,,,,,,
4/27/21,dogwood2,21,Left,20,Male,White,Not Hispanic or Latino,Sophomor,,,7.5,3,,,,,,,,,,,,,,,,,,,,,,,,
4/27/21,dogwood2,21,Left,20,Male,White,Not Hispanic or Latino,Sophomor,,,7.5,3,,,,,,,,,,,,,,,,,,,,,,,,
4/27/21,LevelUp,245,right,18,Female,Other,Hispanic or Latino,Freshman,,,8,3,,,,,,,,,,,,,,,,,,,,,,,,
4/28/21,dogwood2,22,right,19,Female,White,Not Hispanic or Latino,Freshman,,,8,3,,,,,,,,,,,,,,,,,,,,,,,,
4/29/21,dogwood2,23,Right,20,Female,White,Not Hispanic or Latino,Sophomor,,,8,4,,,,,,,,,,,,,,,,,,,,,,,,
4/29/21,dogwood2,24,right,31,Female,White,Not Hispanic or Latino,Freshman,,,8,3,,,,,,,,,,,,,,,,,,,,,,,,
4/29/21,dogwood2,24,right,31,Female,White,Not Hispanic or Latino,Freshman,,,8,3,,,,,,,,,,,,,,,,,,,,,,,,
4/29/21,LevelUp,244,left,20,Female,White,Not Hispanic or Latino,Junior,,,8,5,,,,,,,,,,,,,,,,,,,,,,,,
4/30/21,LevelUp,246,right,20,Female,White,Not Hispanic or Latino,Junior,,,7,3,,,,,,,,,,,,,,,,,,,,,,,,
5/4/21,dogwood2,25,right,20,Female,White,Not Hispanic or Latino,Sophomor,,,7.5,3,,,,,,,,,,,,,,,,,,,,,,,,
5/4/21,LevelUp,247,right,19,Female,More than one race,Not Hispanic or Latino,Freshman,,Some college,7.5,4,,,,,,,,,,,,,,,,,,,,,,,,
5/4/21,LevelUp,247,right,19,Female,More than one race,Not Hispanic or Latino,Freshman,,Some college,7.5,4,,,,,,,,,,,,,,,,,,,,,,,,
5/4/21,dogwood2,26,right,21,Female,White,Not Hispanic or Latino,Senior,,,8.5,4,,,,,,,,,,,,,,,,,,,,,,,,
5/6/21,dogwood2,27,Right,21,Male,White,Not Hispanic or Latino,Junior,,Some college,8,4,,,,,,,,,,,,,,,,,,,,,,,,
5/10/21,dogwood2,28,Right ,19,Male,White,Not Hispanic or Latino,Freshman,,High school,3,3,,,,,,,,,,,,,,,,,,,,,,,,
5/11/21,LevelUp,249,right,18,Female,White,Not Hispanic or Latino,Freshman,,,4,3,,,,,,,,,,,,,,,,,,,,,,,,
5/11/21,LevelUp,249,right,18,Female,White,Not Hispanic or Latino,Freshman,,,4,3,,,,,,,,,,,,,,,,,,,,,,,,
5/12/21,dogwood2,29,Right,28,Female,White,Not Hispanic or Latino,Other,Post-Bacc.,,8-Jul,5,,,,,,,,,,,,,,,,,,,,,,,,
5/12/21,dogwood2,29,Right,28,Female,White,Not Hispanic or Latino,Other,Post-Bacc.,,8-Jul,5,,,,,,,,,,,,,,,,,,,,,,,,
5/13/21,LevelUp,250,right,20,Female,More than one race,Hispanic or Latino,Junior,,,7,3,,,,,,,,,,,,,,,,,,,,,,,,
5/13/21,LevelUp,250,right,20,Female,More than one race,Hispanic or Latino,Junior,,,7,3,,,,,,,,,,,,,,,,,,,,,,,,
5/14/21,LevelUp,248,Right,21,Female,White,Not Hispanic or Latino,Freshman,,,5,4,,,,,,,,,,,,,,,,,,,,,,,,
5/18/21,dogwood2,30,Right,20,Female,White,Not Hispanic or Latino,Sophomor,,,6,4,,,,,,,,,,,,,,,,,,,,,,,,
5/18/21,dogwood2,30,Right,20,Female,White,Not Hispanic or Latino,Sophomor,,,6,4,,,,,,,,,,,,,,,,,,,,,,,,
5/18/21,dogwood2,31,right,18,Female,White,Not Hispanic or Latino,Freshman,,,8,3,,,,,,,,,,,,,,,,,,,,,,,,
5/20/21,dogwood2,32,right,20,Male,White,Not Hispanic or Latino,Sophomor,,,4.5,4,,,,,,,,,,,,,,,,,,,,,,,,
5/20/21,dogwood2,32,right,20,Male,White,Not Hispanic or Latino,Sophomor,,,4.5,4,,,,,,,,,,,,,,,,,,,,,,,,
5/24/21,LevelUp,253,right,20,Female,White,Not Hispanic or Latino,Junior,,,8,4,,,,,,,,,,,,,,,,,,,,,,,,
5/25/21,LevelUp,254,right,20,Female,White,Not Hispanic or Latino,,,High school,9,3,,,,,,,,,,,,,,,,,,,,,,,,
5/26/21,dogwood2,33,right,24,Male,White,Hispanic or Latino,Other,Post-Baccalaurete ,,6,3,,,,,,,,,,,,,,,,,,,,,,,,
5/28/21,LevelUp,256,right,20,Female,White,Not Hispanic or Latino,Sophomor,,,7,4,,,,,,,,,,,,,,,,,,,,,,,,
5/28/21,LevelUp,256,right,20,Female,White,Not Hispanic or Latino,Sophomor,,,7,4,,,,,,,,,,,,,,,,,,,,,,,,
6/1/21,LevelUp,255,right,20,Female,White,Not Hispanic or Latino,Sophomor,,,6,2,,,,,,,,,,,,,,,,,,,,,,,,
6/1/21,LevelUp,255,right,20,Female,White,Not Hispanic or Latino,Sophomor,,,6,2,,,,,,,,,,,,,,,,,,,,,,,,
6/1/21,LevelUp,255,right,20,Female,White,Not Hispanic or Latino,Sophomor,,,6,2,,,,,,,,,,,,,,,,,,,,,,,,
6/4/21,LevelUp,257,left,20,Female,American Indian or Alaska Native,Hispanic or Latino,Junior,,Some college,6.5,5,,,,,,,,,,,,,,,,,,,,,,,,
6/4/21,LevelUp,258,right,20,Female,White,Not Hispanic or Latino,Sophomor,,,5,4,,,,,,,,,,,,,,,,,,,,,,,,
6/4/21,LevelUp,258,right,20,Female,White,Not Hispanic or Latino,Sophomor,,,5,4,,,,,,,,,,,,,,,,,,,,,,,,
6/7/21,dogwood2,34,Right,21,Female,Asian,Not Hispanic or Latino,Junior,,,3,3,,,,,,,,,,,,,,,,,,,,,,,,
6/7/21,dogwood2,35,right,21,Female,Asian,Not Hispanic or Latino,Junior,,,4,4,,,,,,,,,,,,,,,,,,,,,,,,
6/7/21,dogwood2,36,right,20,Female,White,Not Hispanic or Latino,Sophomor,,,7,4,,,,,,,,,,,,,,,,,,,,,,,,
6/7/21,dogwood2,36,right,20,Female,White,Not Hispanic or Latino,Sophomor,,,7,4,,,,,,,,,,,,,,,,,,,,,,,,
6/10/21,dogwood2,37,right,19,Female,White,Hispanic or Latino,Sophomor,,,6.5,3,,,,,,,,,,,,,,,,,,,,,,,,
6/10/21,dogwood2,37,right,19,Female,White,Hispanic or Latino,Sophomor,,,6.5,3,,,,,,,,,,,,,,,,,,,,,,,,
6/11/21,dogwood2,38,right,19,Female,Asian,Hispanic or Latino,Sophomor,,,7,5,,,,,,,,,,,,,,,,,,,,,,,,
6/16/21,dogwood2,39,Right,20,Male,White,Not Hispanic or Latino,Sophomor,,Some college,8,3,,,,,,,,,,,,,,,,,,,,,,,,
6/25/21,LevelUp,9999999999,10,10,Prefer not to answer,Prefer not to answer,Prefer not to answe,Junior,,Some college,9,3,,,,,,,,,,,,,,,,,,,,,,,,
6/28/21,dogwood2,40,right,29,Male,Prefer not to answer,Hispanic or Latino,Other,,Some college,6,3,,,,,,,,,,,,,,,,,,,,,,,,
6/28/21,dogwood2,40,right,29,Male,Prefer not to answer,Hispanic or Latino,Other,,Some college,6,3,,,,,,,,,,,,,,,,,,,,,,,,
6/29/21,dogwood2,41,left,20,Female,White,Not Hispanic or Latino,Junior,,,8.5,5,,,,,,,,,,,,,,,,,,,,,,,,
6/29/21,dogwood2,42,right,21,Prefer not to answer,Asian,Not Hispanic or Latino,Senior,,,7,3,,,,,,,,,,,,,,,,,,,,,,,,
6/29/21,dogwood2,43,right,25,Female,Asian,Not Hispanic or Latino,Other,graduate student,Some/all post-graduate,4.5,3,,,,,,,,,,,,,,,,,,,,,,,,
6/30/21,dogwood2,44,Right,21,Female,White,Not Hispanic or Latino,Senior,,Some college,7,3,,,,,,,,,,,,,,,,,,,,,,,,
7/1/21,dogwood2,45,Right,29,Male,White,Not Hispanic or Latino,Other,2nd year trade program,,8,3,,,,,,,,,,,,,,,,,,,,,,,,
7/5/21,dogwood2,46,right,20,Female,White,Not Hispanic or Latino,Senior,,,7,3,,,,,,,,,,,,,,,,,,,,,,,,
7/8/21,dogwood2,47,right,31,Male,White,Not Hispanic or Latino,Junior,,,7,4,,,,,,,,,,,,,,,,,,,,,,,,
7/13/21,LevelUp,259,right hand,20,Female,White,Not Hispanic or Latino,Senior,,,6.5,3,,,,,,,,,,,,,,,,,,,,,,,,
7/16/21,LevelUp,260,right,19,Female,Asian,Hispanic or Latino,Junior,,,7,4,,,,,,,,,,,,,,,,,,,,,,,,
7/19/21,breathing_cue,1,right,19,Female,Asian,Not Hispanic or Latino,Sophomor,,,7.5,3,,,,,,,,,,,,,,,,,,,,,,,,
8/3/21,dogwood2,49,Right,28,Male,White,Not Hispanic or Latino,Junior,,Some college,7,3,,,,,,,,,,,,,,,,,,,,,,,,
8/4/21,dogwood2,50,Left,21,Female,White,Not Hispanic or Latino,Senior,,,9,4,,,,,,,,,,,,,,,,,,,,,,,,
8/4/21,dogwood2,51,left,20,Female,Black or African American,Not Hispanic or Latino,Junior,,,9,3,,,,,,,,,,,,,,,,,,,,,,,,
8/4/21,dogwood2,51,left,20,Female,Black or African American,Not Hispanic or Latino,Junior,,,9,3,,,,,,,,,,,,,,,,,,,,,,,,
8/4/21,dogwood2,51,left,20,Female,Black or African American,Not Hispanic or Latino,Junior,,,9,3,,,,,,,,,,,,,,,,,,,,,,,,
8/5/21,LevelUp,262,left,21,Female,White,Not Hispanic or Latino,Senior,,,8,4,,,,,,,,,,,,,,,,,,,,,,,,
8/9/21,dogwood2,53,Right,21,Male,More than one race,Hispanic or Latino,Senior,,,6.5,3,,,,,,,,,,,,,,,,,,,,,,,,
8/9/21,LevelUp,261,right,24,Female,More than one race,Hispanic or Latino,Super Senior     ,,,6,3,,,,,,,,,,,,,,,,,,,,,,,,
8/9/21,.DS_Store,9999999999,2222,122222,Female,American Indian or Alaska Native,Hispanic or Latino,Freshman,,Some high school,2,2,,,,,,,,,,,,,,,,,,,,,,,,
8/9/21,ADHD Self Report,999999999,99999,99999,Female,Black or African American,Not Hispanic or Latino,Freshman,,Some high school,9999,3,,,,,,,,,,,,,,,,,,,,,,,,
8/9/21,Demographic,999999,99999,99999,other,Black or African American,Hispanic or Latino,Sophomor,,High school,99999,4,,,,,,,,,,,,,,,,,,,,,,,,
8/10/21,dogwood2,54,Right,21,other,White,Not Hispanic or Latino,Senior,,,6,4,,,,,,,,,,,,,,,,,,,,,,,,
8/11/21,dogwood2,55,Right,21,Female,White,Not Hispanic or Latino,Sophomor,,Some college,8,3,,,,,,,,,,,,,,,,,,,,,,,,
8/12/21,breathing_cue,2,Right,20,Female,White,Not Hispanic or Latino,Sophomor,,Some college,7.5,4,,,,,,,,,,,,,,,,,,,,,,,,
8/13/21,breathing_cue,3,Left,19,Female,More than one race,Not Hispanic or Latino,Sophomor,,,7,5,,,,,,,,,,,,,,,,,,,,,,,,
8/13/21,breathing_cue,3,Left,19,Female,More than one race,Not Hispanic or Latino,Sophomor,,,7,5,,,,,,,,,,,,,,,,,,,,,,,,
8/13/21,breathing_cue,3,Left,19,Female,More than one race,Not Hispanic or Latino,Sophomor,,,7,5,,,,,,,,,,,,,,,,,,,,,,,,
8/13/21,breathing_cue,3,Left,19,Female,More than one race,Not Hispanic or Latino,Sophomor,,Some college,7,5,,,,,,,,,,,,,,,,,,,,,,,,
8/13/21,breathing_cue,3,Left,19,Female,More than one race,Not Hispanic or Latino,Sophomor,,Some college,7,5,,,,,,,,,,,,,,,,,,,,,,,,
8/16/21,breathing_cue,4,Right,19,Female,White,Not Hispanic or Latino,Sophomor,,,5,5,,,,,,,,,,,,,,,,,,,,,,,,
8/16/21,breathing_cue,5,left,18,Female,Prefer not to answer,Prefer not to answe,Sophomor,,,9,4,,,,,,,,,,,,,,,,,,,,,,,,
8/16/21,breathing_cue,5,left,18,Female,Prefer not to answer,Prefer not to answe,Sophomor,,,9,4,,,,,,,,,,,,,,,,,,,,,,,,
8/17/21,LevelUp,264,right,23,Female,More than one race,Not Hispanic or Latino,Other,post bacc,College,7,3,,,,,,,,,,,,,,,,,,,,,,,,
8/17/21,LevelUp,263,Right,21,other,White,Not Hispanic or Latino,Senior,,,7,4,,,,,,,,,,,,,,,,,,,,,,,,
8/18/21,LevelUp,265,right,21,Female,White,Not Hispanic or Latino,Junior,,,7.5,3,,,,,,,,,,,,,,,,,,,,,,,,
8/18/21,LevelUp,266,right,21,Male,More than one race,Hispanic or Latino,Senior,,Some college,7,3,,,,,,,,,,,,,,,,,,,,,,,,
8/19/21,breathing_cue,6,Left,31,Male,More than one race,Not Hispanic or Latino,Other,graduate student,Some/all post-graduate,4,3,,,,,,,,,,,,,,,,,,,,,,,,
8/19/21,breathing_cue,7,Right,18,Female,Asian,Not Hispanic or Latino,Sophomor,,Some college,5 hours,4,,,,,,,,,,,,,,,,,,,,,,,,
8/23/21,breathing_cue,8,left,19,Male,White,Not Hispanic or Latino,Sophomor,,Some college,7.5,5,,,,,,,,,,,,,,,,,,,,,,,,
8/23/21,breathing_cue,8,left,19,Male,White,Not Hispanic or Latino,Sophomor,,Some college,7.5,509/10/2021,LevelUp,271,left,18,Female,Prefer not to answer,Prefer not to answe,Sophomor,,,8,5,,,,,,,,,,,,
9/10/21,LevelUp,272,left,19,other,White,Not Hispanic or Latino,Sophomor,,Some college,8,3,,,,,,,,,,,,,,,,,,,,,,,,
9/10/21,LevelUp,272,left,19,other,White,Not Hispanic or Latino,Sophomor,,Some college,8,3,,,,,,,,,,,,,,,,,,,,,,,,
9/10/21,LevelUp,273,Right,21,Female,White,Not Hispanic or Latino,Senior,,,8.5,5,,,,,,,,,,,,,,,,,,,,,,,,
9/10/21,LevelUp,273,Right,21,Female,White,Not Hispanic or Latino,Senior,,,8.5,5,,,,,,,,,,,,,,,,,,,,,,,,
9/16/21,SequencePattern_symbol,200,Right,19,Female,White,Hispanic or Latino,Junior,,,7,3,,,,,,,,,,,,,,,,,,,,,,,,
9/17/21,SequencePattern_symbol,201,Left,21,Female,White,Not Hispanic or Latino,Senior,,Some college,6.5,5,,,,,,,,,,,,,,,,,,,,,,,,
9/29/21,SequencePattern_symbol,202,Right,19,Female,More than one race,Not Hispanic or Latino,Sophomor,,Some college,7,3,,,,,,,,,,,,,,,,,,,,,,,,
9/29/21,SequencePattern_symbol,202,Right,19,Female,More than one race,Not Hispanic or Latino,Sophomor,,Some college,7,3,,,,,,,,,,,,,,,,,,,,,,,,
9/29/21,SequencePattern_symbol,202,Right,19,Female,More than one race,Not Hispanic or Latino,Sophomor,,Some college,7,3,,,,,,,,,,,,,,,,,,,,,,,,
9/29/21,SequencePattern_symbol,203,Right,20,Male,Native Hawaiian or other Pacific Islander,Not Hispanic or Latino,Junior,,Some college,7,4,,,,,,,,,,,,,,,,,,,,,,,,
9/30/21,SequencePattern_symbol,204,right,21,Female,White,Not Hispanic or Latino,Senior,,,7,3,,,,,,,,,,,,,,,,,,,,,,,,
9/30/21,SequencePattern_symbol,205,right,18,Male,White,Not Hispanic or Latino,Freshman,,,8,5,,,,,,,,,,,,,,,,,,,,,,,,
10/1/21,SequencePattern_symbol,206,right,18,Female,White,Not Hispanic or Latino,Freshman,,,8,3,,,,,,,,,,,,,,,,,,,,,,,,
10/1/21,SequencePattern_symbol,207,right,18,Female,White,Not Hispanic or Latino,Freshman,,,9,3,,,,,,,,,,,,,,,,,,,,,,,,
10/1/21,SequencePattern_symbol,208,right,20,Female,Asian,Hispanic or Latino,Junior,,,6,5,,,,,,,,,,,,,,,,,,,,,,,,
10/1/21,SequencePattern_symbol,208,right,20,Female,Asian,Hispanic or Latino,Junior,,Some college,6,5,,,,,,,,,,,,,,,,,,,,,,,,
10/11/21,LevelUp,274,Right,19,Male,White,Not Hispanic or Latino,Freshman,,,7:55,4,,,,,,,,,,,,,,,,,,,,,,,,
10/12/21,SequencePattern_symbol,209,right,24,Male,Other,Hispanic or Latino,Freshman,,,7,3,,,,,,,,,,,,,,,,,,,,,,,,
10/13/21,LevelUp,277,right,20,Female,White,Hispanic or Latino,Senior,,,7.5,4,,,,,,,,,,,,,,,,,,,,,,,,
10/13/21,LevelUp,276,right,18,Prefer not to answer,Asian,Not Hispanic or Latino,Freshman,,,5,3,,,,,,,,,,,,,,,,,,,,,,,,
10/19/21,SequencePattern_symbol,210,Right,19,Female,White,Not Hispanic or Latino,Sophomor,,,8,4,,,,,,,,,,,,,,,,,,,,,,,,
10/19/21,SequencePattern_symbol,211,Right,19,Male,White,Not Hispanic or Latino,Sophomor,,,4,4,,,,,,,,,,,,,,,,,,,,,,,,
10/19/21,LevelUp,278,right,27,Female,White,Not Hispanic or Latino,Other,Grad Student,Some/all post-graduate,8,4,,,,,,,,,,,,,,,,,,,,,,,,
10/21/21,SequencePattern_symbol,212,right,18,Female,More than one race,Not Hispanic or Latino,Freshman,,College,6,4,,,,,,,,,,,,,,,,,,,,,,,,
10/25/21,SequencePattern_symbol,213,right,23,Female,White,Not Hispanic or Latino,Junior,,,8.5,2,,,,,,,,,,,,,,,,,,,,,,,,
10/26/21,SequencePattern_symbol,214,Right,19,Female,Other,Hispanic or Latino,Sophomor,,,7,4,,,,,,,,,,,,,,,,,,,,,,,,
10/26/21,OrderYourMind_fMRI,301,right,21,Female,White,Not Hispanic or Latino,Senior,,,5,3,,,,,,,,,,,,,,,,,,,,,,,,
10/26/21,SequencePattern_symbol,215,right,20,Male,Asian,Not Hispanic or Latino,Junior,,,6.5,4,,,,,,,,,,,,,,,,,,,,,,,,
10/26/21,LevelUp,280,18,18,Female,White,Not Hispanic or Latino,Freshman,,,10,4,,,,,,,,,,,,,,,,,,,,,,,,
10/26/21,LevelUp,280,18,18,Female,White,Not Hispanic or Latino,Freshman,,,10,4,,,,,,,,,,,,,,,,,,,,,,,,
10/27/21,SequencePattern_symbol,216,left,21,Female,White,Not Hispanic or Latino,Senior,,Some college,7,5,,,,,,,,,,,,,,,,,,,,,,,,
10/27/21,SequencePattern_symbol,217,Right,18,Female,Prefer not to answer,Hispanic or Latino,Freshman,,,7,4,,,,,,,,,,,,,,,,,,,,,,,,
10/27/21,SequencePattern_symbol,217,Right,18,Female,Prefer not to answer,Hispanic or Latino,Freshman,,,7,4,,,,,,,,,,,,,,,,,,,,,,,,
10/28/21,LevelUp,279,Right,18,Male,White,Not Hispanic or Latino,Freshman,,,7,3,,,,,,,,,,,,,,,,,,,,,,,,
10/28/21,LevelUp,279,Right,18,Male,White,Not Hispanic or Latino,Freshman,,,7,3,,,,,,,,,,,,,,,,,,,,,,,,
10/29/21,SequencePattern_symbol,218,Right,19,Male,White,Not Hispanic or Latino,Sophomor,,,6,4,,,,,,,,,,,,,,,,,,,,,,,,
10/31/21,OrderYourMind_fMRI,302,Right,29,Male,Prefer not to answer,Hispanic or Latino,Other,,Some college,9,3,,,,,,,,,,,,,,,,,,,,,,,,
11/1/21,SequencePattern_symbol,219,right,21,Female,More than one race,Not Hispanic or Latino,Senior,,,7,4,,,,,,,,,,,,11/1/21,.DS_Store,9999,999,999,other,White,Hispanic or Latino,Sophomor,,High school,9999,5
11/1/21,OrderYourMind_fMRI,302,right,20,Female,Asian,Hispanic or Latino,Junior,,Some college,6,5,,,,,,,,,,,,,,,,,,,,,,,,
11/2/21,SequencePattern_symbol,220,right,18,Female,White,Not Hispanic or Latino,Freshman,,,6,3,,,,,,,,,,,,,,,,,,,,,,,,
11/2/21,SequencePattern_symbol,221,Right,20,Female,White,Not Hispanic or Latino,Junior,,,9,4,,,,,,,,,,,,,,,,,,,,,,,,
11/2/21,LevelUp,282,right,20,Male,White,Not Hispanic or Latino,Junior,,,5,3,,,,,,,,,,,,,,,,,,,,,,,,
11/2/21,LevelUp,282,right,20,Male,White,Not Hispanic or Latino,Junior,,,5,3,,,,,,,,,,,,,,,,,,,,,,,,
11/3/21,SequencePattern_symbol,222,right,19,Female,White,Not Hispanic or Latino,Sophomor,,Some college,7,4,,,,,,,,,,,,,,,,,,,,,,,,
11/3/21,SequencePattern_letters,300,Right,26,Female,White,Not Hispanic or Latino,Senior,,College,7.5,4,,,,,,,,,,,,,,,,,,,,,,,,
11/4/21,LevelUp,281,right,26,Female,White,Not Hispanic or Latino,Junior,,Some college,6,3,,,,,,,,,,,,,,,,,,,,,,,,
11/4/21,LevelUp,281,right,26,Female,White,Not Hispanic or Latino,Junior,,Some college,6,3,,,,,,,,,,,,,,,,,,,,,,,,
11/9/21,LevelUp,285,right,20,Female,White,Not Hispanic or Latino,Junior,,,9,4,,,,,,,,,,,,,,,,,,,,,,,,
11/9/21,LevelUp,285,right,20,Female,White,Not Hispanic or Latino,Junior,,,9,4,,,,,,,,,,,,,,,,,,,,,,,,
11/9/21,LevelUp,283,right,20,Female,White,Not Hispanic or Latino,Junior,,,7,4,,,,,,,,,,,,,,,,,,,,,,,,
11/9/21,LevelUp,283,right,20,Female,White,Not Hispanic or Latino,Junior,,,7,4,,,,,,,,,,,,,,,,,,,,,,,,
11/15/21,SequencePattern_letters,304,right,18,Female,White,Not Hispanic or Latino,Freshman,,Some college,8,3,,,,,,,,,,,,,,,,,,,,,,,,
11/15/21,SequencePattern_letters,306,Right ,19,Female,White,Not Hispanic or Latino,Sophomor,,,8,3,,,,,,,,,,,,,,,,,,,,,,,,
11/16/21,SequencePattern_letters,307,right,18,Female,White,Not Hispanic or Latino,Freshman,,High school,8,4,,,,,,,,,,,,,,,,,,,,,,,,
11/16/21,SequencePattern_letters,308,right,19,Male,White,Hispanic or Latino,Freshman,,,2,3,,,,,,,,,,,,,,,,,,,,,,,,
11/16/21,SequencePattern_letters,308,right,19,Male,White,Hispanic or Latino,Freshman,,,2,3,,,,,,,,,,,,,,,,,,,,,,,,
11/16/21,SequencePattern_letters,308,right,19,Male,White,Hispanic or Latino,Freshman,,,2,3,,,,,,,,,,,,,,,,,,,,,,,,
11/16/21,SequencePattern_letters,309,right,18,Female,White,Hispanic or Latino,Freshman,,Some college,9,3,,,,,,,,,,,,,,,,,,,,,,,,
11/16/21,LevelUp,287,right,18,Female,American Indian or Alaska Native,Hispanic or Latino,Freshman,,,7,4,,,,,,,,,,,,,,,,,,,,,,,,
11/17/21,LevelUp_AS,101,left,21,Female,White,Not Hispanic or Latino,Senior,,Some college,8,5,,,,,,,,,,,,,,,,,,,,,,,,
11/17/21,LevelUp_AS,101,left,21,Female,White,Not Hispanic or Latino,Senior,,Some college,8,5,,,,,,,,,,,,,,,,,,,,,,,,
11/18/21,LevelUp,286,right,20,Female,White,Hispanic or Latino,Sophomor,,,6,3,,,,,,,,,,,,,,,,,,,,,,,,
11/18/21,LevelUp,286,right,20,Female,White,Hispanic or Latino,Sophomor,,,6,3,,,,,,,,,,,,,,,,,,,,,,,,
11/19/21,SequencePattern_letters,310,right,18,Female,White,Not Hispanic or Latino,Freshman,,,4,2,,,,,,,,,,,,,,,,,,,,,,,,
11/19/21,SequencePattern_letters,310,right,18,Female,White,Not Hispanic or Latino,Freshman,,,4,2,,,,,,,,,,,,,,,,,,,,,,,,
11/22/21,SequencePattern_letters,311,right,19,Male,Asian,Hispanic or Latino,Freshman,,High school,7.5,3,,,,,,,,,,,,,,,,,,,,,,,,
11/22/21,SequencePattern_letters,312,Right,19,Male,White,Not Hispanic or Latino,Freshman,,,7,5,,,,,,,,,,,,,,,,,,,,,,,,
11/22/21,SequencePattern_letters,313,Right,19,Male,More than one race,Hispanic or Latino,Freshman,,,6,4,,,,,,,,,,,,,,,,,,,,,,,,11/22/2021,.DS_Store,999,9,999,other,Asian,Prefer not to answe,Freshman,,Some high school,yh,3
11/22/2021,_Read after updating group run room OS!.rtf,9999999,9,99,Prefer not to answer,Black or African American,Not Hispanic or Latino,Freshman,,Some high school,9,3
